{"cameraMode":{"drawMode":0,"name":"Shaded","section":"Shading Mode"},"sceneLighting":false,"audioPlay":false,"sceneViewState":{"m_AlwaysRefresh":false,"showFog":false,"showSkybox":false,"showFlares":false,"showImageEffects":false,"showParticleSystems":false,"showVisualEffectGraphs":true,"m_FxEnabled":true},"in2DMode":false,"pivot":{"x":0.00000762939453125,"y":0.6941925287246704,"z":-0.01222655177116394},"rotation":{"x":0.05032414570450783,"y":0.9363552331924439,"z":-0.31322067975997927,"w":0.15043653547763825},"size":1.052733063697815,"orthographic":false}