{"cameraMode":{"drawMode":0,"name":"Shaded","section":"Shading Mode"},"sceneLighting":false,"audioPlay":false,"sceneViewState":{"m_AlwaysRefresh":false,"showFog":true,"showSkybox":false,"showFlares":true,"showImageEffects":true,"showParticleSystems":true,"showVisualEffectGraphs":true,"m_FxEnabled":true},"in2DMode":false,"pivot":{"x":27.63299560546875,"y":-0.17000000178813935,"z":-0.3504486083984375},"rotation":{"x":0.0004101587110199034,"y":0.9737103581428528,"z":-0.22779186069965363,"w":0.0017536606173962355},"size":187.22142028808595,"orthographic":false}